"receiver_position","posteam","total_targets","total_epa","epa_per_target"
"RB","KC",126,12.6413309953736,0.100328023772806
"TE","KC",219,70.2096079283579,0.320591817024465
"WR","KC",386,54.4791597658368,0.141137719600613
